{
  "assets": [
    "NULS",
    "VEN",
    "BNB",
    "CTR",
    "NEO",
    "LINK",
    "SALT",
    "IOTA",
    "ETC",
    "AST",
    "KNC",
    "WTC",
    "SNGLS",
    "EOS",
    "SNT",
    "MCO",
    "BTC",
    "OAX",
    "OMG",
    "GAS",
    "BQX",
    "QTUM",
    "BNT",
    "DNT",
    "ICN",
    "SNM",
    "STRAT",
    "ZRX",
    "FUN",
    "LTC",
    "ETH",
    "XVG",
    "BCC",
    "ADA",
    "ADX",
    "AE",
    "AION",
    "AMB",
    "APPC",
    "ARK",
    "ARN",
    "BAT",
    "BCD",
    "BCPT",
    "BLZ",
    "BRD",
    "BTG",
    "BTS",
    "CDT",
    "CHAT",
    "CMT",
    "CND",
    "DASH",
    "DGD",
    "DLT",
    "EDO",
    "ELF",
    "ENG",
    "ENJ",
    "EVX",
    "FUEL",
    "GTO",
    "GVT",
    "GXS",
    "HSR",
    "ICX",
    "INS",
    "IOST",
    "KMD",
    "LEND",
    "LRC",
    "LSK",
    "LUN",
    "MANA",
    "MDA",
    "MOD",
    "MTH",
    "MTL",
    "NANO",
    "NAV",
    "NCASH",
    "NEBL",
    "ONT",
    "OST",
    "PIVX",
    "POA",
    "POE",
    "POWR",
    "PPT",
    "QSP",
    "RCN",
    "RDN",
    "REQ",
    "RLC",
    "RPX",
    "STEEM",
    "STORJ",
    "STORM",
    "SUB",
    "TNB",
    "TNT",
    "TRIG",
    "TRX",
    "VIA",
    "VIB",
    "VIBE",
    "WABI",
    "WAVES",
    "WINGS",
    "XEM",
    "XLM",
    "XMR",
    "XRP",
    "XZC",
    "YOYO",
    "ZEC",
    "ZIL"
  ],
  "currencies": [
    "BNB",
    "BTC",
    "ETH",
    "USDT"
  ],
  "markets": [
    {
      "pair": [
        "BNB",
        "NULS"
      ],
      "minimalOrder": {
        "amount": 0.01,
        "price": 0.00001,
        "order": 1
      }
    },
    {
      "pair": [
        "BNB",
        "VEN"
      ],
      "minimalOrder": {
        "amount": 0.01,
        "price": 0.0001,
        "order": 1
      }
    },
    {
      "pair": [
        "BTC",
        "BNB"
      ],
      "minimalOrder": {
        "amount": 0.01,
        "price": 1e-7,
        "order": 0.001
      }
    },
    {
      "pair": [
        "BTC",
        "NULS"
      ],
      "minimalOrder": {
        "amount": 1,
        "price": 1e-8,
        "order": 0.001
      }
    },
    {
      "pair": [
        "BTC",
        "CTR"
      ],
      "minimalOrder": {
        "amount": 1,
        "price": 1e-8,
        "order": 0.001
      }
    },
    {
      "pair": [
        "BTC",
        "NEO"
      ],
      "minimalOrder": {
        "amount": 0.01,
        "price": 0.000001,
        "order": 0.001
      }
    },
    {
      "pair": [
        "ETH",
        "NULS"
      ],
      "minimalOrder": {
        "amount": 1,
        "price": 1e-8,
        "order": 0.01
      }
    },
    {
      "pair": [
        "BTC",
        "LINK"
      ],
      "minimalOrder": {
        "amount": 1,
        "price": 1e-8,
        "order": 0.001
      }
    },
    {
      "pair": [
        "BTC",
        "SALT"
      ],
      "minimalOrder": {
        "amount": 0.01,
        "price": 1e-7,
        "order": 0.001
      }
    },
    {
      "pair": [
        "BTC",
        "IOTA"
      ],
      "minimalOrder": {
        "amount": 1,
        "price": 1e-8,
        "order": 0.001
      }
    },
    {
      "pair": [
        "BTC",
        "ETC"
      ],
      "minimalOrder": {
        "amount": 0.01,
        "price": 0.000001,
        "order": 0.001
      }
    },
    {
      "pair": [
        "ETH",
        "AST"
      ],
      "minimalOrder": {
        "amount": 1,
        "price": 1e-7,
        "order": 0.01
      }
    },
    {
      "pair": [
        "BTC",
        "KNC"
      ],
      "minimalOrder": {
        "amount": 1,
        "price": 1e-8,
        "order": 0.001
      }
    },
    {
      "pair": [
        "BTC",
        "WTC"
      ],
      "minimalOrder": {
        "amount": 0.01,
        "price": 1e-7,
        "order": 0.001
      }
    },
    {
      "pair": [
        "BTC",
        "SNGLS"
      ],
      "minimalOrder": {
        "amount": 1,
        "price": 1e-8,
        "order": 0.001
      }
    },
    {
      "pair": [
        "ETH",
        "EOS"
      ],
      "minimalOrder": {
        "amount": 0.01,
        "price": 0.000001,
        "order": 0.01
      }
    },
    {
      "pair": [
        "ETH",
        "SNT"
      ],
      "minimalOrder": {
        "amount": 1,
        "price": 1e-8,
        "order": 0.01
      }
    },
    {
      "pair": [
        "ETH",
        "MCO"
      ],
      "minimalOrder": {
        "amount": 0.01,
        "price": 0.000001,
        "order": 0.01
      }
    },
    {
      "pair": [
        "USDT",
        "BTC"
      ],
      "minimalOrder": {
        "amount": 0.000001,
        "price": 0.01,
        "order": 10
      }
    },
    {
      "pair": [
        "ETH",
        "OAX"
      ],
      "minimalOrder": {
        "amount": 1,
        "price": 1e-7,
        "order": 0.01
      }
    },
    {
      "pair": [
        "ETH",
        "OMG"
      ],
      "minimalOrder": {
        "amount": 0.01,
        "price": 0.000001,
        "order": 0.01
      }
    },
    {
      "pair": [
        "BTC",
        "GAS"
      ],
      "minimalOrder": {
        "amount": 0.01,
        "price": 0.000001,
        "order": 0.001
      }
    },
    {
      "pair": [
        "ETH",
        "BQX"
      ],
      "minimalOrder": {
        "amount": 1,
        "price": 1e-7,
        "order": 0.01
      }
    },
    {
      "pair": [
        "ETH",
        "WTC"
      ],
      "minimalOrder": {
        "amount": 0.01,
        "price": 0.000001,
        "order": 0.01
      }
    },
    {
      "pair": [
        "ETH",
        "QTUM"
      ],
      "minimalOrder": {
        "amount": 0.01,
        "price": 0.000001,
        "order": 0.01
      }
    },
    {
      "pair": [
        "ETH",
        "BNT"
      ],
      "minimalOrder": {
        "amount": 0.01,
        "price": 0.000001,
        "order": 0.01
      }
    },
    {
      "pair": [
        "ETH",
        "DNT"
      ],
      "minimalOrder": {
        "amount": 1,
        "price": 1e-8,
        "order": 0.01
      }
    },
    {
      "pair": [
        "ETH",
        "ICN"
      ],
      "minimalOrder": {
        "amount": 1,
        "price": 1e-7,
        "order": 0.01
      }
    },
    {
      "pair": [
        "BTC",
        "SNM"
      ],
      "minimalOrder": {
        "amount": 1,
        "price": 1e-8,
        "order": 0.001
      }
    },
    {
      "pair": [
        "ETH",
        "SNM"
      ],
      "minimalOrder": {
        "amount": 1,
        "price": 1e-8,
        "order": 0.01
      }
    },
    {
      "pair": [
        "ETH",
        "SNGLS"
      ],
      "minimalOrder": {
        "amount": 1,
        "price": 1e-8,
        "order": 0.01
      }
    },
    {
      "pair": [
        "BTC",
        "BQX"
      ],
      "minimalOrder": {
        "amount": 1,
        "price": 1e-8,
        "order": 0.001
      }
    },
    {
      "pair": [
        "ETH",
        "NEO"
      ],
      "minimalOrder": {
        "amount": 0.01,
        "price": 0.000001,
        "order": 0.01
      }
    },
    {
      "pair": [
        "ETH",
        "KNC"
      ],
      "minimalOrder": {
        "amount": 1,
        "price": 1e-7,
        "order": 0.01
      }
    },
    {
      "pair": [
        "ETH",
        "STRAT"
      ],
      "minimalOrder": {
        "amount": 0.01,
        "price": 0.000001,
        "order": 0.01
      }
    },
    {
      "pair": [
        "ETH",
        "ZRX"
      ],
      "minimalOrder": {
        "amount": 1,
        "price": 1e-8,
        "order": 0.01
      }
    },
    {
      "pair": [
        "BTC",
        "QTUM"
      ],
      "minimalOrder": {
        "amount": 0.01,
        "price": 0.000001,
        "order": 0.001
      }
    },
    {
      "pair": [
        "ETH",
        "FUN"
      ],
      "minimalOrder": {
        "amount": 1,
        "price": 1e-8,
        "order": 0.01
      }
    },
    {
      "pair": [
        "BTC",
        "LTC"
      ],
      "minimalOrder": {
        "amount": 0.01,
        "price": 0.000001,
        "order": 0.001
      }
    },
    {
      "pair": [
        "ETH",
        "LINK"
      ],
      "minimalOrder": {
        "amount": 1,
        "price": 1e-8,
        "order": 0.01
      }
    },
    {
      "pair": [
        "BTC",
        "ETH"
      ],
      "minimalOrder": {
        "amount": 0.001,
        "price": 0.000001,
        "order": 0.001
      }
    },
    {
      "pair": [
        "ETH",
        "XVG"
      ],
      "minimalOrder": {
        "amount": 1,
        "price": 1e-8,
        "order": 0.01
      }
    },
    {
      "pair": [
        "BTC",
        "STRAT"
      ],
      "minimalOrder": {
        "amount": 0.01,
        "price": 1e-7,
        "order": 0.001
      }
    },
    {
      "pair": [
        "BTC",
        "ZRX"
      ],
      "minimalOrder": {
        "amount": 1,
        "price": 1e-8,
        "order": 0.001
      }
    },
    {
      "pair": [
        "ETH",
        "IOTA"
      ],
      "minimalOrder": {
        "amount": 1,
        "price": 1e-8,
        "order": 0.01
      }
    },
    {
      "pair": [
        "BTC",
        "BCC"
      ],
      "minimalOrder": {
        "amount": 0.001,
        "price": 0.000001,
        "order": 0.001
      }
    },
    {
      "pair": [
        "ETH",
        "CTR"
      ],
      "minimalOrder": {
        "amount": 1,
        "price": 1e-7,
        "order": 0.01
      }
    },
    {
      "pair": [
        "BTC",
        "OMG"
      ],
      "minimalOrder": {
        "amount": 0.01,
        "price": 0.000001,
        "order": 0.001
      }
    },
    {
      "pair": [
        "BTC",
        "MCO"
      ],
      "minimalOrder": {
        "amount": 0.01,
        "price": 0.000001,
        "order": 0.001
      }
    },
    {
      "pair": [
        "ETH",
        "SALT"
      ],
      "minimalOrder": {
        "amount": 0.01,
        "price": 0.000001,
        "order": 0.01
      }
    },
    {
      "pair": [
        "BTC",
        "ADA"
      ],
      "minimalOrder": {
        "amount": 1,
        "price": 1e-8,
        "order": 0.001
      }
    },
    {
      "pair": [
        "ETH",
        "ADA"
      ],
      "minimalOrder": {
        "amount": 1,
        "price": 1e-8,
        "order": 0.01
      }
    },
    {
      "pair": [
        "BNB",
        "ADX"
      ],
      "minimalOrder": {
        "amount": 0.01,
        "price": 0.00001,
        "order": 1
      }
    },
    {
      "pair": [
        "BTC",
        "ADX"
      ],
      "minimalOrder": {
        "amount": 1,
        "price": 1e-8,
        "order": 0.001
      }
    },
    {
      "pair": [
        "ETH",
        "ADX"
      ],
      "minimalOrder": {
        "amount": 1,
        "price": 1e-7,
        "order": 0.01
      }
    },
    {
      "pair": [
        "BNB",
        "AE"
      ],
      "minimalOrder": {
        "amount": 0.01,
        "price": 0.00001,
        "order": 1
      }
    },
    {
      "pair": [
        "BTC",
        "AE"
      ],
      "minimalOrder": {
        "amount": 0.01,
        "price": 1e-7,
        "order": 0.001
      }
    },
    {
      "pair": [
        "ETH",
        "AE"
      ],
      "minimalOrder": {
        "amount": 0.01,
        "price": 0.000001,
        "order": 0.01
      }
    },
    {
      "pair": [
        "BNB",
        "AION"
      ],
      "minimalOrder": {
        "amount": 0.01,
        "price": 0.00001,
        "order": 1
      }
    },
    {
      "pair": [
        "BTC",
        "AION"
      ],
      "minimalOrder": {
        "amount": 0.01,
        "price": 1e-7,
        "order": 0.001
      }
    },
    {
      "pair": [
        "ETH",
        "AION"
      ],
      "minimalOrder": {
        "amount": 0.01,
        "price": 0.000001,
        "order": 0.01
      }
    },
    {
      "pair": [
        "BNB",
        "AMB"
      ],
      "minimalOrder": {
        "amount": 0.01,
        "price": 0.00001,
        "order": 1
      }
    },
    {
      "pair": [
        "BTC",
        "AMB"
      ],
      "minimalOrder": {
        "amount": 1,
        "price": 1e-8,
        "order": 0.001
      }
    },
    {
      "pair": [
        "ETH",
        "AMB"
      ],
      "minimalOrder": {
        "amount": 1,
        "price": 1e-8,
        "order": 0.01
      }
    },
    {
      "pair": [
        "BNB",
        "APPC"
      ],
      "minimalOrder": {
        "amount": 0.01,
        "price": 0.00001,
        "order": 1
      }
    },
    {
      "pair": [
        "BTC",
        "APPC"
      ],
      "minimalOrder": {
        "amount": 1,
        "price": 1e-8,
        "order": 0.001
      }
    },
    {
      "pair": [
        "ETH",
        "APPC"
      ],
      "minimalOrder": {
        "amount": 1,
        "price": 1e-7,
        "order": 0.01
      }
    },
    {
      "pair": [
        "BTC",
        "ARK"
      ],
      "minimalOrder": {
        "amount": 0.01,
        "price": 1e-7,
        "order": 0.001
      }
    },
    {
      "pair": [
        "ETH",
        "ARK"
      ],
      "minimalOrder": {
        "amount": 0.01,
        "price": 0.000001,
        "order": 0.01
      }
    },
    {
      "pair": [
        "BTC",
        "ARN"
      ],
      "minimalOrder": {
        "amount": 1,
        "price": 1e-8,
        "order": 0.001
      }
    },
    {
      "pair": [
        "ETH",
        "ARN"
      ],
      "minimalOrder": {
        "amount": 1,
        "price": 1e-8,
        "order": 0.01
      }
    },
    {
      "pair": [
        "BTC",
        "AST"
      ],
      "minimalOrder": {
        "amount": 1,
        "price": 1e-8,
        "order": 0.001
      }
    },
    {
      "pair": [
        "BNB",
        "BAT"
      ],
      "minimalOrder": {
        "amount": 0.01,
        "price": 0.00001,
        "order": 1
      }
    },
    {
      "pair": [
        "BTC",
        "BAT"
      ],
      "minimalOrder": {
        "amount": 1,
        "price": 1e-8,
        "order": 0.001
      }
    },
    {
      "pair": [
        "ETH",
        "BAT"
      ],
      "minimalOrder": {
        "amount": 1,
        "price": 1e-8,
        "order": 0.01
      }
    },
    {
      "pair": [
        "BNB",
        "BCC"
      ],
      "minimalOrder": {
        "amount": 0.00001,
        "price": 0.01,
        "order": 1
      }
    },
    {
      "pair": [
        "ETH",
        "BCC"
      ],
      "minimalOrder": {
        "amount": 0.001,
        "price": 0.00001,
        "order": 0.01
      }
    },
    {
      "pair": [
        "USDT",
        "BCC"
      ],
      "minimalOrder": {
        "amount": 0.00001,
        "price": 0.01,
        "order": 10
      }
    },
    {
      "pair": [
        "BTC",
        "BCD"
      ],
      "minimalOrder": {
        "amount": 0.001,
        "price": 0.000001,
        "order": 0.001
      }
    },
    {
      "pair": [
        "ETH",
        "BCD"
      ],
      "minimalOrder": {
        "amount": 0.001,
        "price": 0.00001,
        "order": 0.01
      }
    },
    {
      "pair": [
        "BNB",
        "BCPT"
      ],
      "minimalOrder": {
        "amount": 0.01,
        "price": 0.00001,
        "order": 1
      }
    },
    {
      "pair": [
        "BTC",
        "BCPT"
      ],
      "minimalOrder": {
        "amount": 1,
        "price": 1e-8,
        "order": 0.001
      }
    },
    {
      "pair": [
        "ETH",
        "BCPT"
      ],
      "minimalOrder": {
        "amount": 1,
        "price": 1e-8,
        "order": 0.01
      }
    },
    {
      "pair": [
        "BNB",
        "BLZ"
      ],
      "minimalOrder": {
        "amount": 0.01,
        "price": 0.00001,
        "order": 1
      }
    },
    {
      "pair": [
        "BTC",
        "BLZ"
      ],
      "minimalOrder": {
        "amount": 1,
        "price": 1e-8,
        "order": 0.001
      }
    },
    {
      "pair": [
        "ETH",
        "BLZ"
      ],
      "minimalOrder": {
        "amount": 1,
        "price": 1e-8,
        "order": 0.01
      }
    },
    {
      "pair": [
        "ETH",
        "BNB"
      ],
      "minimalOrder": {
        "amount": 0.01,
        "price": 0.000001,
        "order": 0.01
      }
    },
    {
      "pair": [
        "BTC",
        "BNT"
      ],
      "minimalOrder": {
        "amount": 1,
        "price": 1e-8,
        "order": 0.001
      }
    },
    {
      "pair": [
        "BNB",
        "BRD"
      ],
      "minimalOrder": {
        "amount": 0.01,
        "price": 0.00001,
        "order": 1
      }
    },
    {
      "pair": [
        "BTC",
        "BRD"
      ],
      "minimalOrder": {
        "amount": 1,
        "price": 1e-8,
        "order": 0.001
      }
    },
    {
      "pair": [
        "ETH",
        "BRD"
      ],
      "minimalOrder": {
        "amount": 1,
        "price": 1e-7,
        "order": 0.01
      }
    },
    {
      "pair": [
        "BTC",
        "BTG"
      ],
      "minimalOrder": {
        "amount": 0.01,
        "price": 0.000001,
        "order": 0.001
      }
    },
    {
      "pair": [
        "ETH",
        "BTG"
      ],
      "minimalOrder": {
        "amount": 0.01,
        "price": 0.000001,
        "order": 0.01
      }
    },
    {
      "pair": [
        "BNB",
        "BTS"
      ],
      "minimalOrder": {
        "amount": 0.01,
        "price": 0.00001,
        "order": 1
      }
    },
    {
      "pair": [
        "BTC",
        "BTS"
      ],
      "minimalOrder": {
        "amount": 1,
        "price": 1e-8,
        "order": 0.001
      }
    },
    {
      "pair": [
        "ETH",
        "BTS"
      ],
      "minimalOrder": {
        "amount": 1,
        "price": 1e-8,
        "order": 0.01
      }
    },
    {
      "pair": [
        "BTC",
        "CDT"
      ],
      "minimalOrder": {
        "amount": 1,
        "price": 1e-8,
        "order": 0.001
      }
    },
    {
      "pair": [
        "ETH",
        "CDT"
      ],
      "minimalOrder": {
        "amount": 1,
        "price": 1e-8,
        "order": 0.01
      }
    },
    {
      "pair": [
        "BTC",
        "CHAT"
      ],
      "minimalOrder": {
        "amount": 1,
        "price": 1e-8,
        "order": 0.001
      }
    },
    {
      "pair": [
        "ETH",
        "CHAT"
      ],
      "minimalOrder": {
        "amount": 1,
        "price": 1e-8,
        "order": 0.01
      }
    },
    {
      "pair": [
        "BNB",
        "CMT"
      ],
      "minimalOrder": {
        "amount": 0.01,
        "price": 0.00001,
        "order": 1
      }
    },
    {
      "pair": [
        "BTC",
        "CMT"
      ],
      "minimalOrder": {
        "amount": 1,
        "price": 1e-8,
        "order": 0.001
      }
    },
    {
      "pair": [
        "ETH",
        "CMT"
      ],
      "minimalOrder": {
        "amount": 1,
        "price": 1e-8,
        "order": 0.01
      }
    },
    {
      "pair": [
        "BNB",
        "CND"
      ],
      "minimalOrder": {
        "amount": 0.01,
        "price": 0.00001,
        "order": 1
      }
    },
    {
      "pair": [
        "BTC",
        "CND"
      ],
      "minimalOrder": {
        "amount": 1,
        "price": 1e-8,
        "order": 0.001
      }
    },
    {
      "pair": [
        "ETH",
        "CND"
      ],
      "minimalOrder": {
        "amount": 1,
        "price": 1e-8,
        "order": 0.01
      }
    },
    {
      "pair": [
        "BTC",
        "DASH"
      ],
      "minimalOrder": {
        "amount": 0.001,
        "price": 0.000001,
        "order": 0.001
      }
    },
    {
      "pair": [
        "ETH",
        "DASH"
      ],
      "minimalOrder": {
        "amount": 0.001,
        "price": 0.00001,
        "order": 0.01
      }
    },
    {
      "pair": [
        "BTC",
        "DGD"
      ],
      "minimalOrder": {
        "amount": 0.001,
        "price": 0.000001,
        "order": 0.001
      }
    },
    {
      "pair": [
        "ETH",
        "DGD"
      ],
      "minimalOrder": {
        "amount": 0.001,
        "price": 0.00001,
        "order": 0.01
      }
    },
    {
      "pair": [
        "BNB",
        "DLT"
      ],
      "minimalOrder": {
        "amount": 0.01,
        "price": 0.00001,
        "order": 1
      }
    },
    {
      "pair": [
        "BTC",
        "DLT"
      ],
      "minimalOrder": {
        "amount": 1,
        "price": 1e-8,
        "order": 0.001
      }
    },
    {
      "pair": [
        "ETH",
        "DLT"
      ],
      "minimalOrder": {
        "amount": 1,
        "price": 1e-8,
        "order": 0.01
      }
    },
    {
      "pair": [
        "BTC",
        "DNT"
      ],
      "minimalOrder": {
        "amount": 1,
        "price": 1e-8,
        "order": 0.001
      }
    },
    {
      "pair": [
        "BTC",
        "EDO"
      ],
      "minimalOrder": {
        "amount": 0.01,
        "price": 1e-7,
        "order": 0.001
      }
    },
    {
      "pair": [
        "ETH",
        "EDO"
      ],
      "minimalOrder": {
        "amount": 0.01,
        "price": 0.000001,
        "order": 0.01
      }
    },
    {
      "pair": [
        "BTC",
        "ELF"
      ],
      "minimalOrder": {
        "amount": 1,
        "price": 1e-8,
        "order": 0.001
      }
    },
    {
      "pair": [
        "ETH",
        "ELF"
      ],
      "minimalOrder": {
        "amount": 1,
        "price": 1e-8,
        "order": 0.01
      }
    },
    {
      "pair": [
        "BTC",
        "ENG"
      ],
      "minimalOrder": {
        "amount": 1,
        "price": 1e-8,
        "order": 0.001
      }
    },
    {
      "pair": [
        "ETH",
        "ENG"
      ],
      "minimalOrder": {
        "amount": 1,
        "price": 1e-7,
        "order": 0.01
      }
    },
    {
      "pair": [
        "BTC",
        "ENJ"
      ],
      "minimalOrder": {
        "amount": 1,
        "price": 1e-8,
        "order": 0.001
      }
    },
    {
      "pair": [
        "ETH",
        "ENJ"
      ],
      "minimalOrder": {
        "amount": 1,
        "price": 1e-8,
        "order": 0.01
      }
    },
    {
      "pair": [
        "BTC",
        "EOS"
      ],
      "minimalOrder": {
        "amount": 1,
        "price": 1e-8,
        "order": 0.001
      }
    },
    {
      "pair": [
        "ETH",
        "ETC"
      ],
      "minimalOrder": {
        "amount": 0.01,
        "price": 0.000001,
        "order": 0.01
      }
    },
    {
      "pair": [
        "BTC",
        "EVX"
      ],
      "minimalOrder": {
        "amount": 1,
        "price": 1e-8,
        "order": 0.001
      }
    },
    {
      "pair": [
        "ETH",
        "EVX"
      ],
      "minimalOrder": {
        "amount": 1,
        "price": 1e-7,
        "order": 0.01
      }
    },
    {
      "pair": [
        "BTC",
        "FUEL"
      ],
      "minimalOrder": {
        "amount": 1,
        "price": 1e-8,
        "order": 0.001
      }
    },
    {
      "pair": [
        "ETH",
        "FUEL"
      ],
      "minimalOrder": {
        "amount": 1,
        "price": 1e-8,
        "order": 0.01
      }
    },
    {
      "pair": [
        "BTC",
        "FUN"
      ],
      "minimalOrder": {
        "amount": 1,
        "price": 1e-8,
        "order": 0.001
      }
    },
    {
      "pair": [
        "BNB",
        "GTO"
      ],
      "minimalOrder": {
        "amount": 0.01,
        "price": 0.00001,
        "order": 1
      }
    },
    {
      "pair": [
        "BTC",
        "GTO"
      ],
      "minimalOrder": {
        "amount": 1,
        "price": 1e-8,
        "order": 0.001
      }
    },
    {
      "pair": [
        "ETH",
        "GTO"
      ],
      "minimalOrder": {
        "amount": 1,
        "price": 1e-8,
        "order": 0.01
      }
    },
    {
      "pair": [
        "BTC",
        "GVT"
      ],
      "minimalOrder": {
        "amount": 0.01,
        "price": 1e-7,
        "order": 0.001
      }
    },
    {
      "pair": [
        "ETH",
        "GVT"
      ],
      "minimalOrder": {
        "amount": 0.01,
        "price": 0.000001,
        "order": 0.01
      }
    },
    {
      "pair": [
        "BTC",
        "GXS"
      ],
      "minimalOrder": {
        "amount": 0.01,
        "price": 1e-7,
        "order": 0.001
      }
    },
    {
      "pair": [
        "ETH",
        "GXS"
      ],
      "minimalOrder": {
        "amount": 0.01,
        "price": 0.000001,
        "order": 0.01
      }
    },
    {
      "pair": [
        "BTC",
        "HSR"
      ],
      "minimalOrder": {
        "amount": 0.01,
        "price": 0.000001,
        "order": 0.001
      }
    },
    {
      "pair": [
        "ETH",
        "HSR"
      ],
      "minimalOrder": {
        "amount": 0.01,
        "price": 0.000001,
        "order": 0.01
      }
    },
    {
      "pair": [
        "BTC",
        "ICN"
      ],
      "minimalOrder": {
        "amount": 1,
        "price": 1e-8,
        "order": 0.001
      }
    },
    {
      "pair": [
        "BNB",
        "ICX"
      ],
      "minimalOrder": {
        "amount": 0.01,
        "price": 0.00001,
        "order": 1
      }
    },
    {
      "pair": [
        "BTC",
        "ICX"
      ],
      "minimalOrder": {
        "amount": 0.01,
        "price": 1e-7,
        "order": 0.001
      }
    },
    {
      "pair": [
        "ETH",
        "ICX"
      ],
      "minimalOrder": {
        "amount": 0.01,
        "price": 0.000001,
        "order": 0.01
      }
    },
    {
      "pair": [
        "BTC",
        "INS"
      ],
      "minimalOrder": {
        "amount": 0.01,
        "price": 1e-7,
        "order": 0.001
      }
    },
    {
      "pair": [
        "ETH",
        "INS"
      ],
      "minimalOrder": {
        "amount": 0.01,
        "price": 0.000001,
        "order": 0.01
      }
    },
    {
      "pair": [
        "BTC",
        "IOST"
      ],
      "minimalOrder": {
        "amount": 1,
        "price": 1e-8,
        "order": 0.001
      }
    },
    {
      "pair": [
        "ETH",
        "IOST"
      ],
      "minimalOrder": {
        "amount": 1,
        "price": 1e-8,
        "order": 0.01
      }
    },
    {
      "pair": [
        "BNB",
        "IOTA"
      ],
      "minimalOrder": {
        "amount": 0.01,
        "price": 0.00001,
        "order": 1
      }
    },
    {
      "pair": [
        "BTC",
        "KMD"
      ],
      "minimalOrder": {
        "amount": 0.01,
        "price": 1e-7,
        "order": 0.001
      }
    },
    {
      "pair": [
        "ETH",
        "KMD"
      ],
      "minimalOrder": {
        "amount": 0.01,
        "price": 0.000001,
        "order": 0.01
      }
    },
    {
      "pair": [
        "BTC",
        "LEND"
      ],
      "minimalOrder": {
        "amount": 1,
        "price": 1e-8,
        "order": 0.001
      }
    },
    {
      "pair": [
        "ETH",
        "LEND"
      ],
      "minimalOrder": {
        "amount": 1,
        "price": 1e-8,
        "order": 0.01
      }
    },
    {
      "pair": [
        "BTC",
        "LRC"
      ],
      "minimalOrder": {
        "amount": 1,
        "price": 1e-8,
        "order": 0.001
      }
    },
    {
      "pair": [
        "ETH",
        "LRC"
      ],
      "minimalOrder": {
        "amount": 1,
        "price": 1e-8,
        "order": 0.01
      }
    },
    {
      "pair": [
        "BNB",
        "LSK"
      ],
      "minimalOrder": {
        "amount": 0.01,
        "price": 0.0001,
        "order": 1
      }
    },
    {
      "pair": [
        "BTC",
        "LSK"
      ],
      "minimalOrder": {
        "amount": 0.01,
        "price": 1e-7,
        "order": 0.001
      }
    },
    {
      "pair": [
        "ETH",
        "LSK"
      ],
      "minimalOrder": {
        "amount": 0.01,
        "price": 0.000001,
        "order": 0.01
      }
    },
    {
      "pair": [
        "BNB",
        "LTC"
      ],
      "minimalOrder": {
        "amount": 0.00001,
        "price": 0.01,
        "order": 1
      }
    },
    {
      "pair": [
        "ETH",
        "LTC"
      ],
      "minimalOrder": {
        "amount": 0.001,
        "price": 0.00001,
        "order": 0.01
      }
    },
    {
      "pair": [
        "USDT",
        "LTC"
      ],
      "minimalOrder": {
        "amount": 0.00001,
        "price": 0.01,
        "order": 10
      }
    },
    {
      "pair": [
        "BTC",
        "LUN"
      ],
      "minimalOrder": {
        "amount": 0.01,
        "price": 1e-7,
        "order": 0.001
      }
    },
    {
      "pair": [
        "ETH",
        "LUN"
      ],
      "minimalOrder": {
        "amount": 0.01,
        "price": 0.000001,
        "order": 0.01
      }
    },
    {
      "pair": [
        "BTC",
        "MANA"
      ],
      "minimalOrder": {
        "amount": 1,
        "price": 1e-8,
        "order": 0.001
      }
    },
    {
      "pair": [
        "ETH",
        "MANA"
      ],
      "minimalOrder": {
        "amount": 1,
        "price": 1e-8,
        "order": 0.01
      }
    },
    {
      "pair": [
        "BNB",
        "MCO"
      ],
      "minimalOrder": {
        "amount": 0.01,
        "price": 0.00001,
        "order": 1
      }
    },
    {
      "pair": [
        "BTC",
        "MDA"
      ],
      "minimalOrder": {
        "amount": 1,
        "price": 1e-8,
        "order": 0.001
      }
    },
    {
      "pair": [
        "ETH",
        "MDA"
      ],
      "minimalOrder": {
        "amount": 1,
        "price": 1e-7,
        "order": 0.01
      }
    },
    {
      "pair": [
        "BTC",
        "MOD"
      ],
      "minimalOrder": {
        "amount": 0.01,
        "price": 1e-7,
        "order": 0.001
      }
    },
    {
      "pair": [
        "ETH",
        "MOD"
      ],
      "minimalOrder": {
        "amount": 0.01,
        "price": 0.000001,
        "order": 0.01
      }
    },
    {
      "pair": [
        "BTC",
        "MTH"
      ],
      "minimalOrder": {
        "amount": 1,
        "price": 1e-8,
        "order": 0.001
      }
    },
    {
      "pair": [
        "ETH",
        "MTH"
      ],
      "minimalOrder": {
        "amount": 1,
        "price": 1e-8,
        "order": 0.01
      }
    },
    {
      "pair": [
        "BTC",
        "MTL"
      ],
      "minimalOrder": {
        "amount": 0.01,
        "price": 1e-7,
        "order": 0.001
      }
    },
    {
      "pair": [
        "ETH",
        "MTL"
      ],
      "minimalOrder": {
        "amount": 0.01,
        "price": 0.000001,
        "order": 0.01
      }
    },
    {
      "pair": [
        "BNB",
        "NANO"
      ],
      "minimalOrder": {
        "amount": 0.01,
        "price": 0.0001,
        "order": 1
      }
    },
    {
      "pair": [
        "BTC",
        "NANO"
      ],
      "minimalOrder": {
        "amount": 0.01,
        "price": 1e-7,
        "order": 0.001
      }
    },
    {
      "pair": [
        "ETH",
        "NANO"
      ],
      "minimalOrder": {
        "amount": 0.01,
        "price": 0.000001,
        "order": 0.01
      }
    },
    {
      "pair": [
        "BNB",
        "NAV"
      ],
      "minimalOrder": {
        "amount": 0.01,
        "price": 0.00001,
        "order": 1
      }
    },
    {
      "pair": [
        "BTC",
        "NAV"
      ],
      "minimalOrder": {
        "amount": 0.01,
        "price": 1e-7,
        "order": 0.001
      }
    },
    {
      "pair": [
        "ETH",
        "NAV"
      ],
      "minimalOrder": {
        "amount": 0.01,
        "price": 0.000001,
        "order": 0.01
      }
    },
    {
      "pair": [
        "BNB",
        "NCASH"
      ],
      "minimalOrder": {
        "amount": 0.01,
        "price": 0.00001,
        "order": 1
      }
    },
    {
      "pair": [
        "BTC",
        "NCASH"
      ],
      "minimalOrder": {
        "amount": 1,
        "price": 1e-8,
        "order": 0.001
      }
    },
    {
      "pair": [
        "ETH",
        "NCASH"
      ],
      "minimalOrder": {
        "amount": 1,
        "price": 1e-8,
        "order": 0.01
      }
    },
    {
      "pair": [
        "BNB",
        "NEBL"
      ],
      "minimalOrder": {
        "amount": 0.01,
        "price": 0.00001,
        "order": 1
      }
    },
    {
      "pair": [
        "BTC",
        "NEBL"
      ],
      "minimalOrder": {
        "amount": 0.01,
        "price": 1e-7,
        "order": 0.001
      }
    },
    {
      "pair": [
        "ETH",
        "NEBL"
      ],
      "minimalOrder": {
        "amount": 0.01,
        "price": 0.000001,
        "order": 0.01
      }
    },
    {
      "pair": [
        "BNB",
        "NEO"
      ],
      "minimalOrder": {
        "amount": 0.001,
        "price": 0.001,
        "order": 1
      }
    },
    {
      "pair": [
        "USDT",
        "NEO"
      ],
      "minimalOrder": {
        "amount": 0.001,
        "price": 0.001,
        "order": 10
      }
    },
    {
      "pair": [
        "BTC",
        "OAX"
      ],
      "minimalOrder": {
        "amount": 1,
        "price": 1e-8,
        "order": 0.001
      }
    },
    {
      "pair": [
        "BNB",
        "ONT"
      ],
      "minimalOrder": {
        "amount": 0.01,
        "price": 0.00001,
        "order": 1
      }
    },
    {
      "pair": [
        "BTC",
        "ONT"
      ],
      "minimalOrder": {
        "amount": 1,
        "price": 1e-8,
        "order": 0.001
      }
    },
    {
      "pair": [
        "ETH",
        "ONT"
      ],
      "minimalOrder": {
        "amount": 1,
        "price": 1e-8,
        "order": 0.01
      }
    },
    {
      "pair": [
        "BNB",
        "OST"
      ],
      "minimalOrder": {
        "amount": 0.01,
        "price": 0.00001,
        "order": 1
      }
    },
    {
      "pair": [
        "BTC",
        "OST"
      ],
      "minimalOrder": {
        "amount": 1,
        "price": 1e-8,
        "order": 0.001
      }
    },
    {
      "pair": [
        "ETH",
        "OST"
      ],
      "minimalOrder": {
        "amount": 1,
        "price": 1e-8,
        "order": 0.01
      }
    },
    {
      "pair": [
        "BNB",
        "PIVX"
      ],
      "minimalOrder": {
        "amount": 0.01,
        "price": 0.00001,
        "order": 1
      }
    },
    {
      "pair": [
        "BTC",
        "PIVX"
      ],
      "minimalOrder": {
        "amount": 0.01,
        "price": 1e-7,
        "order": 0.001
      }
    },
    {
      "pair": [
        "ETH",
        "PIVX"
      ],
      "minimalOrder": {
        "amount": 0.01,
        "price": 0.000001,
        "order": 0.01
      }
    },
    {
      "pair": [
        "BNB",
        "POA"
      ],
      "minimalOrder": {
        "amount": 0.01,
        "price": 0.00001,
        "order": 1
      }
    },
    {
      "pair": [
        "BTC",
        "POA"
      ],
      "minimalOrder": {
        "amount": 1,
        "price": 1e-8,
        "order": 0.001
      }
    },
    {
      "pair": [
        "ETH",
        "POA"
      ],
      "minimalOrder": {
        "amount": 1,
        "price": 1e-8,
        "order": 0.01
      }
    },
    {
      "pair": [
        "BTC",
        "POE"
      ],
      "minimalOrder": {
        "amount": 1,
        "price": 1e-8,
        "order": 0.001
      }
    },
    {
      "pair": [
        "ETH",
        "POE"
      ],
      "minimalOrder": {
        "amount": 1,
        "price": 1e-8,
        "order": 0.01
      }
    },
    {
      "pair": [
        "BNB",
        "POWR"
      ],
      "minimalOrder": {
        "amount": 0.01,
        "price": 0.00001,
        "order": 1
      }
    },
    {
      "pair": [
        "BTC",
        "POWR"
      ],
      "minimalOrder": {
        "amount": 1,
        "price": 1e-8,
        "order": 0.001
      }
    },
    {
      "pair": [
        "ETH",
        "POWR"
      ],
      "minimalOrder": {
        "amount": 1,
        "price": 1e-8,
        "order": 0.01
      }
    },
    {
      "pair": [
        "BTC",
        "PPT"
      ],
      "minimalOrder": {
        "amount": 0.01,
        "price": 1e-7,
        "order": 0.001
      }
    },
    {
      "pair": [
        "ETH",
        "PPT"
      ],
      "minimalOrder": {
        "amount": 0.01,
        "price": 0.000001,
        "order": 0.01
      }
    },
    {
      "pair": [
        "BNB",
        "QSP"
      ],
      "minimalOrder": {
        "amount": 0.01,
        "price": 0.00001,
        "order": 1
      }
    },
    {
      "pair": [
        "BTC",
        "QSP"
      ],
      "minimalOrder": {
        "amount": 1,
        "price": 1e-8,
        "order": 0.001
      }
    },
    {
      "pair": [
        "ETH",
        "QSP"
      ],
      "minimalOrder": {
        "amount": 1,
        "price": 1e-8,
        "order": 0.01
      }
    },
    {
      "pair": [
        "BNB",
        "QTUM"
      ],
      "minimalOrder": {
        "amount": 0.01,
        "price": 0.00001,
        "order": 1
      }
    },
    {
      "pair": [
        "USDT",
        "QTUM"
      ],
      "minimalOrder": {
        "amount": 0.001,
        "price": 0.001,
        "order": 10
      }
    },
    {
      "pair": [
        "BNB",
        "RCN"
      ],
      "minimalOrder": {
        "amount": 0.01,
        "price": 0.00001,
        "order": 1
      }
    },
    {
      "pair": [
        "BTC",
        "RCN"
      ],
      "minimalOrder": {
        "amount": 1,
        "price": 1e-8,
        "order": 0.001
      }
    },
    {
      "pair": [
        "ETH",
        "RCN"
      ],
      "minimalOrder": {
        "amount": 1,
        "price": 1e-8,
        "order": 0.01
      }
    },
    {
      "pair": [
        "BNB",
        "RDN"
      ],
      "minimalOrder": {
        "amount": 0.01,
        "price": 0.00001,
        "order": 1
      }
    },
    {
      "pair": [
        "BTC",
        "RDN"
      ],
      "minimalOrder": {
        "amount": 1,
        "price": 1e-8,
        "order": 0.001
      }
    },
    {
      "pair": [
        "ETH",
        "RDN"
      ],
      "minimalOrder": {
        "amount": 1,
        "price": 1e-7,
        "order": 0.01
      }
    },
    {
      "pair": [
        "BTC",
        "REQ"
      ],
      "minimalOrder": {
        "amount": 1,
        "price": 1e-8,
        "order": 0.001
      }
    },
    {
      "pair": [
        "ETH",
        "REQ"
      ],
      "minimalOrder": {
        "amount": 1,
        "price": 1e-8,
        "order": 0.01
      }
    },
    {
      "pair": [
        "BNB",
        "RLC"
      ],
      "minimalOrder": {
        "amount": 0.01,
        "price": 0.00001,
        "order": 1
      }
    },
    {
      "pair": [
        "BTC",
        "RLC"
      ],
      "minimalOrder": {
        "amount": 0.01,
        "price": 1e-7,
        "order": 0.001
      }
    },
    {
      "pair": [
        "ETH",
        "RLC"
      ],
      "minimalOrder": {
        "amount": 0.01,
        "price": 0.000001,
        "order": 0.01
      }
    },
    {
      "pair": [
        "BNB",
        "RPX"
      ],
      "minimalOrder": {
        "amount": 0.01,
        "price": 0.00001,
        "order": 1
      }
    },
    {
      "pair": [
        "BTC",
        "RPX"
      ],
      "minimalOrder": {
        "amount": 1,
        "price": 1e-8,
        "order": 0.001
      }
    },
    {
      "pair": [
        "ETH",
        "RPX"
      ],
      "minimalOrder": {
        "amount": 1,
        "price": 1e-8,
        "order": 0.01
      }
    },
    {
      "pair": [
        "BTC",
        "SNT"
      ],
      "minimalOrder": {
        "amount": 1,
        "price": 1e-8,
        "order": 0.001
      }
    },
    {
      "pair": [
        "BNB",
        "STEEM"
      ],
      "minimalOrder": {
        "amount": 0.01,
        "price": 0.00001,
        "order": 1
      }
    },
    {
      "pair": [
        "BTC",
        "STEEM"
      ],
      "minimalOrder": {
        "amount": 0.01,
        "price": 1e-7,
        "order": 0.001
      }
    },
    {
      "pair": [
        "ETH",
        "STEEM"
      ],
      "minimalOrder": {
        "amount": 0.01,
        "price": 0.000001,
        "order": 0.01
      }
    },
    {
      "pair": [
        "BTC",
        "STORJ"
      ],
      "minimalOrder": {
        "amount": 1,
        "price": 1e-8,
        "order": 0.001
      }
    },
    {
      "pair": [
        "ETH",
        "STORJ"
      ],
      "minimalOrder": {
        "amount": 1,
        "price": 1e-7,
        "order": 0.01
      }
    },
    {
      "pair": [
        "BNB",
        "STORM"
      ],
      "minimalOrder": {
        "amount": 0.01,
        "price": 0.00001,
        "order": 1
      }
    },
    {
      "pair": [
        "BTC",
        "STORM"
      ],
      "minimalOrder": {
        "amount": 1,
        "price": 1e-8,
        "order": 0.001
      }
    },
    {
      "pair": [
        "ETH",
        "STORM"
      ],
      "minimalOrder": {
        "amount": 1,
        "price": 1e-8,
        "order": 0.01
      }
    },
    {
      "pair": [
        "BTC",
        "SUB"
      ],
      "minimalOrder": {
        "amount": 1,
        "price": 1e-8,
        "order": 0.001
      }
    },
    {
      "pair": [
        "ETH",
        "SUB"
      ],
      "minimalOrder": {
        "amount": 1,
        "price": 1e-8,
        "order": 0.01
      }
    },
    {
      "pair": [
        "BTC",
        "TNB"
      ],
      "minimalOrder": {
        "amount": 1,
        "price": 1e-8,
        "order": 0.001
      }
    },
    {
      "pair": [
        "ETH",
        "TNB"
      ],
      "minimalOrder": {
        "amount": 1,
        "price": 1e-8,
        "order": 0.01
      }
    },
    {
      "pair": [
        "BTC",
        "TNT"
      ],
      "minimalOrder": {
        "amount": 1,
        "price": 1e-8,
        "order": 0.001
      }
    },
    {
      "pair": [
        "ETH",
        "TNT"
      ],
      "minimalOrder": {
        "amount": 1,
        "price": 1e-8,
        "order": 0.01
      }
    },
    {
      "pair": [
        "BNB",
        "TRIG"
      ],
      "minimalOrder": {
        "amount": 0.01,
        "price": 0.00001,
        "order": 1
      }
    },
    {
      "pair": [
        "BTC",
        "TRIG"
      ],
      "minimalOrder": {
        "amount": 0.01,
        "price": 1e-7,
        "order": 0.001
      }
    },
    {
      "pair": [
        "ETH",
        "TRIG"
      ],
      "minimalOrder": {
        "amount": 0.01,
        "price": 0.000001,
        "order": 0.01
      }
    },
    {
      "pair": [
        "BTC",
        "TRX"
      ],
      "minimalOrder": {
        "amount": 1,
        "price": 1e-8,
        "order": 0.001
      }
    },
    {
      "pair": [
        "ETH",
        "TRX"
      ],
      "minimalOrder": {
        "amount": 1,
        "price": 1e-8,
        "order": 0.01
      }
    },
    {
      "pair": [
        "BTC",
        "VEN"
      ],
      "minimalOrder": {
        "amount": 1,
        "price": 1e-8,
        "order": 0.001
      }
    },
    {
      "pair": [
        "ETH",
        "VEN"
      ],
      "minimalOrder": {
        "amount": 1,
        "price": 1e-8,
        "order": 0.01
      }
    },
    {
      "pair": [
        "BNB",
        "VIA"
      ],
      "minimalOrder": {
        "amount": 0.01,
        "price": 0.00001,
        "order": 1
      }
    },
    {
      "pair": [
        "BTC",
        "VIA"
      ],
      "minimalOrder": {
        "amount": 0.01,
        "price": 1e-7,
        "order": 0.001
      }
    },
    {
      "pair": [
        "ETH",
        "VIA"
      ],
      "minimalOrder": {
        "amount": 0.01,
        "price": 0.000001,
        "order": 0.01
      }
    },
    {
      "pair": [
        "BTC",
        "VIB"
      ],
      "minimalOrder": {
        "amount": 1,
        "price": 1e-8,
        "order": 0.001
      }
    },
    {
      "pair": [
        "BTC",
        "VIBE"
      ],
      "minimalOrder": {
        "amount": 1,
        "price": 1e-8,
        "order": 0.001
      }
    },
    {
      "pair": [
        "ETH",
        "VIBE"
      ],
      "minimalOrder": {
        "amount": 1,
        "price": 1e-7,
        "order": 0.01
      }
    },
    {
      "pair": [
        "ETH",
        "VIB"
      ],
      "minimalOrder": {
        "amount": 1,
        "price": 1e-8,
        "order": 0.01
      }
    },
    {
      "pair": [
        "BNB",
        "WABI"
      ],
      "minimalOrder": {
        "amount": 0.01,
        "price": 0.00001,
        "order": 1
      }
    },
    {
      "pair": [
        "BTC",
        "WABI"
      ],
      "minimalOrder": {
        "amount": 1,
        "price": 1e-8,
        "order": 0.001
      }
    },
    {
      "pair": [
        "ETH",
        "WABI"
      ],
      "minimalOrder": {
        "amount": 1,
        "price": 1e-8,
        "order": 0.01
      }
    },
    {
      "pair": [
        "BNB",
        "WAVES"
      ],
      "minimalOrder": {
        "amount": 0.01,
        "price": 0.0001,
        "order": 1
      }
    },
    {
      "pair": [
        "BTC",
        "WAVES"
      ],
      "minimalOrder": {
        "amount": 0.01,
        "price": 1e-7,
        "order": 0.001
      }
    },
    {
      "pair": [
        "ETH",
        "WAVES"
      ],
      "minimalOrder": {
        "amount": 0.01,
        "price": 0.000001,
        "order": 0.01
      }
    },
    {
      "pair": [
        "BTC",
        "WINGS"
      ],
      "minimalOrder": {
        "amount": 1,
        "price": 1e-8,
        "order": 0.001
      }
    },
    {
      "pair": [
        "ETH",
        "WINGS"
      ],
      "minimalOrder": {
        "amount": 1,
        "price": 1e-7,
        "order": 0.01
      }
    },
    {
      "pair": [
        "BNB",
        "WTC"
      ],
      "minimalOrder": {
        "amount": 0.01,
        "price": 0.0001,
        "order": 1
      }
    },
    {
      "pair": [
        "BNB",
        "XEM"
      ],
      "minimalOrder": {
        "amount": 0.01,
        "price": 0.00001,
        "order": 1
      }
    },
    {
      "pair": [
        "BTC",
        "XEM"
      ],
      "minimalOrder": {
        "amount": 1,
        "price": 1e-8,
        "order": 0.001
      }
    },
    {
      "pair": [
        "ETH",
        "XEM"
      ],
      "minimalOrder": {
        "amount": 1,
        "price": 1e-8,
        "order": 0.01
      }
    },
    {
      "pair": [
        "BNB",
        "XLM"
      ],
      "minimalOrder": {
        "amount": 0.01,
        "price": 0.00001,
        "order": 1
      }
    },
    {
      "pair": [
        "BTC",
        "XLM"
      ],
      "minimalOrder": {
        "amount": 1,
        "price": 1e-8,
        "order": 0.001
      }
    },
    {
      "pair": [
        "ETH",
        "XLM"
      ],
      "minimalOrder": {
        "amount": 1,
        "price": 1e-8,
        "order": 0.01
      }
    },
    {
      "pair": [
        "BTC",
        "XMR"
      ],
      "minimalOrder": {
        "amount": 0.001,
        "price": 0.000001,
        "order": 0.001
      }
    },
    {
      "pair": [
        "ETH",
        "XMR"
      ],
      "minimalOrder": {
        "amount": 0.001,
        "price": 0.00001,
        "order": 0.01
      }
    },
    {
      "pair": [
        "BTC",
        "XRP"
      ],
      "minimalOrder": {
        "amount": 1,
        "price": 1e-8,
        "order": 0.001
      }
    },
    {
      "pair": [
        "ETH",
        "XRP"
      ],
      "minimalOrder": {
        "amount": 1,
        "price": 1e-8,
        "order": 0.01
      }
    },
    {
      "pair": [
        "BTC",
        "XVG"
      ],
      "minimalOrder": {
        "amount": 1,
        "price": 1e-8,
        "order": 0.001
      }
    },
    {
      "pair": [
        "BNB",
        "XZC"
      ],
      "minimalOrder": {
        "amount": 0.001,
        "price": 0.001,
        "order": 1
      }
    },
    {
      "pair": [
        "BTC",
        "XZC"
      ],
      "minimalOrder": {
        "amount": 0.01,
        "price": 0.000001,
        "order": 0.001
      }
    },
    {
      "pair": [
        "ETH",
        "XZC"
      ],
      "minimalOrder": {
        "amount": 0.01,
        "price": 0.000001,
        "order": 0.01
      }
    },
    {
      "pair": [
        "BNB",
        "YOYO"
      ],
      "minimalOrder": {
        "amount": 0.01,
        "price": 0.00001,
        "order": 1
      }
    },
    {
      "pair": [
        "BTC",
        "YOYO"
      ],
      "minimalOrder": {
        "amount": 1,
        "price": 1e-8,
        "order": 0.001
      }
    },
    {
      "pair": [
        "ETH",
        "YOYO"
      ],
      "minimalOrder": {
        "amount": 1,
        "price": 1e-8,
        "order": 0.01
      }
    },
    {
      "pair": [
        "BTC",
        "ZEC"
      ],
      "minimalOrder": {
        "amount": 0.001,
        "price": 0.000001,
        "order": 0.001
      }
    },
    {
      "pair": [
        "ETH",
        "ZEC"
      ],
      "minimalOrder": {
        "amount": 0.001,
        "price": 0.00001,
        "order": 0.01
      }
    },
    {
      "pair": [
        "BNB",
        "ZIL"
      ],
      "minimalOrder": {
        "amount": 0.01,
        "price": 0.00001,
        "order": 1
      }
    },
    {
      "pair": [
        "BTC",
        "ZIL"
      ],
      "minimalOrder": {
        "amount": 1,
        "price": 1e-8,
        "order": 0.001
      }
    },
    {
      "pair": [
        "ETH",
        "ZIL"
      ],
      "minimalOrder": {
        "amount": 1,
        "price": 1e-8,
        "order": 0.01
      }
    },
    {
      "pair": [
        "USDT",
        "BNB"
      ],
      "minimalOrder": {
        "amount": 0.01,
        "price": 0.0001,
        "order": 10
      }
    },
    {
      "pair": [
        "USDT",
        "ETH"
      ],
      "minimalOrder": {
        "amount": 0.00001,
        "price": 0.01,
        "order": 10
      }
    }
  ]
}